frame_index,cpu_eager_bs1_state,cpu_eager_bs1_row_count,cpu_optimized_bs1_state,cpu_optimized_bs1_row_count,cuda_eager_bs1_state,cuda_eager_bs1_row_count,cuda_eager_bs32_state,cuda_eager_bs32_row_count,cuda_no_tf32_eager_bs1_state,cuda_no_tf32_eager_bs1_row_count,cuda_no_tf32_eager_bs32_state,cuda_no_tf32_eager_bs32_row_count,cpu_eager_bs1__cpu_optimized_bs1_max_probability_abs_diff,cpu_eager_bs1__cuda_eager_bs1_max_probability_abs_diff,cuda_eager_bs1__cuda_eager_bs32_max_probability_abs_diff,cpu_optimized_bs1__cuda_eager_bs32_max_probability_abs_diff,cpu_eager_bs1__cuda_no_tf32_eager_bs1_max_probability_abs_diff,cuda_eager_bs1__cuda_no_tf32_eager_bs1_max_probability_abs_diff,cpu_eager_bs1__cuda_no_tf32_eager_bs32_max_probability_abs_diff,cuda_no_tf32_eager_bs1__cuda_no_tf32_eager_bs32_max_probability_abs_diff,cpu_optimized_bs1__cuda_no_tf32_eager_bs32_max_probability_abs_diff,cuda_eager_bs32__cuda_no_tf32_eager_bs32_max_probability_abs_diff
0,degraded,2,degraded,2,degraded,2,degraded,2,degraded,2,degraded,2,3.0994415283203125e-06,0.004244565963745117,0.0062329769134521484,0.003579646348953247,6.139278411865234e-06,0.004238814115524292,2.002716064453125e-05,2.1338462829589844e-05,1.9609928131103516e-05,0.0035923123359680176
1,degraded,1,degraded,1,degraded,1,degraded,1,degraded,1,degraded,1,5.0961971282958984e-06,0.0036224722862243652,0.0039713382720947266,0.002411961555480957,3.6954879760742188e-06,0.0036235451698303223,2.0563602447509766e-05,1.913309097290039e-05,1.8775463104248047e-05,0.0024305880069732666
2,degraded,1,degraded,1,degraded,1,degraded,1,degraded,1,degraded,1,2.86102294921875e-06,0.004632025957107544,0.003737121820449829,0.0032031238079071045,3.844499588012695e-06,0.0046346187591552734,1.0371208190917969e-05,1.0073184967041016e-05,1.0162591934204102e-05,0.0032024383544921875
3,degraded,1,degraded,1,degraded,1,degraded,1,degraded,1,degraded,1,4.231929779052734e-06,0.00440642237663269,0.004254162311553955,0.003073394298553467,5.751848220825195e-06,0.0044033825397491455,1.1473894119262695e-05,9.894371032714844e-06,1.1086463928222656e-05,0.0030794739723205566
4,candidate,2,candidate,2,candidate,2,candidate,2,candidate,2,candidate,2,6.67572021484375e-06,0.0030535459518432617,0.003616422414779663,0.0024986565113067627,5.304813385009766e-06,0.0030570030212402344,1.0639429092407227e-05,7.569789886474609e-06,8.851289749145508e-06,0.002500206232070923
5,valid,2,valid,2,valid,2,valid,2,valid,2,valid,2,4.976987838745117e-06,0.0074641406536102295,0.00520932674407959,0.002261340618133545,3.7550926208496094e-06,0.007466435432434082,1.1265277862548828e-05,9.119510650634766e-06,1.1771917343139648e-05,0.002264559268951416
6,valid,2,valid,2,valid,2,valid,2,valid,2,valid,2,4.678964614868164e-06,0.004390031099319458,0.0037008821964263916,0.0051261186599731445,4.678964614868164e-06,0.004392266273498535,7.510185241699219e-06,9.238719940185547e-06,6.3478946685791016e-06,0.005129635334014893
7,degraded,2,degraded,2,degraded,2,degraded,2,degraded,2,degraded,2,5.662441253662109e-06,0.0027143359184265137,0.005470782518386841,0.00355684757232666,5.543231964111328e-06,0.002714991569519043,1.2636184692382812e-05,1.2040138244628906e-05,1.2934207916259766e-05,0.0035560429096221924
8,degraded,2,degraded,2,degraded,2,degraded,2,degraded,2,degraded,2,5.066394805908203e-06,0.003728151321411133,0.005776137113571167,0.005624502897262573,8.106231689453125e-06,0.0037289559841156006,7.897615432739258e-06,1.284480094909668e-05,7.927417755126953e-06,0.00561755895614624
9,degraded,2,degraded,2,degraded,2,degraded,2,degraded,2,degraded,2,4.082918167114258e-06,0.003801316022872925,0.00498613715171814,0.002701878547668457,4.291534423828125e-06,0.0038039684295654297,2.6226043701171875e-05,2.765655517578125e-05,2.8908252716064453e-05,0.002703458070755005
10,degraded,2,degraded,2,degraded,2,degraded,2,degraded,2,degraded,2,6.973743438720703e-06,0.003997117280960083,0.004332244396209717,0.00286787748336792,4.708766937255859e-06,0.003997504711151123,1.1622905731201172e-05,1.1205673217773438e-05,1.5974044799804688e-05,0.002864629030227661
11,degraded,3,degraded,3,degraded,3,degraded,3,degraded,3,degraded,3,9.119510650634766e-06,0.003442108631134033,0.00466570258140564,0.0027793049812316895,6.109476089477539e-06,0.0034410953521728516,1.189112663269043e-05,1.1265277862548828e-05,1.239776611328125e-05,0.0027843713760375977
12,degraded,2,degraded,2,degraded,2,degraded,2,degraded,2,degraded,2,3.6656856536865234e-06,0.0040979087352752686,0.005143404006958008,0.00436776876449585,4.857778549194336e-06,0.004094600677490234,1.0639429092407227e-05,1.0341405868530273e-05,9.953975677490234e-06,0.004358351230621338
13,degraded,2,degraded,2,degraded,2,degraded,2,degraded,2,degraded,2,5.4836273193359375e-06,0.004341930150985718,0.0067282915115356445,0.0032318830490112305,5.304813385009766e-06,0.004339069128036499,1.531839370727539e-05,1.329183578491211e-05,1.1563301086425781e-05,0.0032387077808380127
14,degraded,3,degraded,3,degraded,3,degraded,3,degraded,3,degraded,3,1.0401010513305664e-05,0.003697812557220459,0.005231648683547974,0.004618287086486816,4.231929779052734e-06,0.003697514533996582,1.1444091796875e-05,1.3500452041625977e-05,2.1785497665405273e-05,0.004640072584152222
15,valid,4,valid,4,valid,4,valid,4,valid,4,valid,4,7.0035457611083984e-06,0.004666417837142944,0.0060294270515441895,0.004191219806671143,5.781650543212891e-06,0.004664689302444458,1.0132789611816406e-05,4.827976226806641e-06,1.1116266250610352e-05,0.004188865423202515
16,valid,2,valid,2,valid,2,valid,2,valid,2,valid,2,3.516674041748047e-06,0.0027233362197875977,0.005586206912994385,0.004007518291473389,9.179115295410156e-06,0.002725958824157715,7.092952728271484e-06,6.943941116333008e-06,6.109476089477539e-06,0.00400853157043457
17,valid,1,valid,1,valid,1,valid,1,valid,1,valid,1,3.3974647521972656e-06,0.003260999917984009,0.005218327045440674,0.002814650535583496,7.361173629760742e-06,0.003259897232055664,2.3484230041503906e-05,1.6123056411743164e-05,2.014636993408203e-05,0.0028103888034820557
18,degraded,1,degraded,1,degraded,1,degraded,1,degraded,1,degraded,1,3.814697265625e-06,0.004422873258590698,0.0067864954471588135,0.0037055909633636475,4.708766937255859e-06,0.004423558712005615,8.493661880493164e-06,1.2159347534179688e-05,8.195638656616211e-06,0.00370866060256958
19,degraded,2,degraded,2,degraded,2,degraded,2,degraded,2,degraded,2,6.735324859619141e-06,0.005967468023300171,0.007647395133972168,0.00421452522277832,5.21540641784668e-06,0.005969345569610596,2.041459083557129e-05,1.8537044525146484e-05,2.0116567611694336e-05,0.004208475351333618
20,degraded,2,degraded,2,degraded,2,degraded,2,degraded,2,degraded,2,5.4836273193359375e-06,0.004381924867630005,0.00660097599029541,0.0033656656742095947,3.635883331298828e-06,0.0043853819370269775,1.2099742889404297e-05,1.1414289474487305e-05,1.0907649993896484e-05,0.0033623874187469482
21,degraded,3,degraded,3,valid,3,degraded,3,degraded,3,degraded,3,3.0994415283203125e-06,0.004379332065582275,0.007407546043395996,0.004139751195907593,4.76837158203125e-06,0.004377931356430054,7.18235969543457e-06,8.404254913330078e-06,7.68899917602539e-06,0.004136413335800171
22,degraded,3,degraded,3,valid,3,degraded,3,degraded,3,degraded,3,3.4570693969726562e-06,0.00321236252784729,0.005798369646072388,0.0027473270893096924,4.649162292480469e-06,0.003216564655303955,1.239776611328125e-05,9.775161743164062e-06,1.379847526550293e-05,0.0027429163455963135
23,degraded,2,degraded,2,valid,2,degraded,2,degraded,2,degraded,2,3.7550926208496094e-06,0.004409044981002808,0.004643082618713379,0.002854287624359131,4.0531158447265625e-06,0.0044082701206207275,1.0609626770019531e-05,9.864568710327148e-06,1.2218952178955078e-05,0.0028495490550994873
24,degraded,2,degraded,2,valid,2,degraded,2,degraded,2,degraded,2,2.9206275939941406e-06,0.004551112651824951,0.004887402057647705,0.004568308591842651,3.814697265625e-06,0.004550516605377197,1.1414289474487305e-05,1.0341405868530273e-05,1.329183578491211e-05,0.004564106464385986
25,valid,3,valid,3,valid,3,degraded,3,valid,3,valid,3,4.738569259643555e-06,0.004731357097625732,0.0072526633739471436,0.0027890801429748535,4.231929779052734e-06,0.004735022783279419,2.1576881408691406e-05,1.7642974853515625e-05,2.0384788513183594e-05,0.002809464931488037
26,valid,3,valid,3,degraded,3,degraded,3,valid,3,valid,3,3.814697265625e-06,0.005339860916137695,0.007008731365203857,0.005490630865097046,3.933906555175781e-06,0.0053403377532958984,1.2695789337158203e-05,1.239776611328125e-05,1.150369644165039e-05,0.005480080842971802
27,valid,3,valid,3,degraded,3,degraded,3,valid,3,valid,3,3.1888484954833984e-06,0.0040534138679504395,0.003639906644821167,0.0031430721282958984,3.7550926208496094e-06,0.004054635763168335,8.612871170043945e-06,6.765127182006836e-06,9.59634780883789e-06,0.0031401216983795166
28,valid,3,valid,3,valid,3,degraded,3,valid,3,valid,3,3.3080577850341797e-06,0.0039676278829574585,0.005205169320106506,0.003298252820968628,8.732080459594727e-06,0.003965899348258972,1.3262033462524414e-05,9.000301361083984e-06,1.430511474609375e-05,0.0032989978790283203
29,valid,2,valid,2,valid,2,degraded,2,valid,2,valid,2,3.3676624298095703e-06,0.002632051706314087,0.004364728927612305,0.003969430923461914,4.26173210144043e-06,0.0026294589042663574,1.0848045349121094e-05,8.612871170043945e-06,1.0341405868530273e-05,0.00396236777305603
30,valid,2,valid,2,valid,2,degraded,2,valid,2,valid,2,3.069639205932617e-06,0.00290524959564209,0.0037881135940551758,0.0032032132148742676,4.589557647705078e-06,0.002902984619140625,7.569789886474609e-06,7.212162017822266e-06,8.672475814819336e-06,0.0032103359699249268
31,valid,3,valid,3,valid,3,degraded,3,valid,3,valid,3,5.304813385009766e-06,0.004705995321273804,0.005538523197174072,0.002798736095428467,4.798173904418945e-06,0.004707157611846924,8.493661880493164e-06,8.791685104370117e-06,8.553266525268555e-06,0.0028012096881866455
32,valid,3,valid,3,valid,3,degraded,3,valid,3,valid,3,5.245208740234375e-06,0.0033375918865203857,0.006399303674697876,0.004227876663208008,5.125999450683594e-06,0.0033398568630218506,1.4066696166992188e-05,1.0669231414794922e-05,1.2814998626708984e-05,0.004230082035064697
33,valid,3,valid,3,degraded,3,degraded,3,valid,3,valid,3,6.0498714447021484e-06,0.004352450370788574,0.009676158428192139,0.005856573581695557,5.662441253662109e-06,0.0043562352657318115,1.4454126358032227e-05,1.823902130126953e-05,1.233816146850586e-05,0.00586429238319397
34,valid,2,valid,2,degraded,2,degraded,2,valid,2,valid,2,4.0531158447265625e-06,0.00344085693359375,0.0038450956344604492,0.002187013626098633,4.947185516357422e-06,0.0034388303756713867,1.5497207641601562e-05,1.3470649719238281e-05,1.3768672943115234e-05,0.0021862387657165527
35,valid,3,valid,3,degraded,3,degraded,3,valid,3,valid,3,2.8908252716064453e-06,0.0030763745307922363,0.005192160606384277,0.0048986077308654785,4.6193599700927734e-06,0.0030802786350250244,1.0371208190917969e-05,1.0520219802856445e-05,1.0073184967041016e-05,0.004903256893157959
36,valid,2,valid,2,degraded,2,degraded,2,valid,2,valid,2,4.231929779052734e-06,0.00455823540687561,0.0068350136280059814,0.0038275420665740967,4.470348358154297e-06,0.004556000232696533,1.4424324035644531e-05,1.7136335372924805e-05,1.8209218978881836e-05,0.003809332847595215
37,valid,2,valid,2,degraded,2,degraded,2,valid,2,valid,2,9.298324584960938e-06,0.0052536725997924805,0.005209207534790039,0.0026936233043670654,1.1086463928222656e-05,0.005250602960586548,1.1980533599853516e-05,1.0311603546142578e-05,1.1175870895385742e-05,0.002699345350265503
38,valid,3,valid,3,valid,3,degraded,3,valid,3,valid,3,5.602836608886719e-06,0.004792720079421997,0.007207304239273071,0.002595871686935425,3.546476364135742e-06,0.004792958498001099,1.2874603271484375e-05,1.239776611328125e-05,1.8477439880371094e-05,0.002594679594039917
39,valid,2,valid,2,valid,2,degraded,2,valid,2,valid,2,4.202127456665039e-06,0.0049329400062561035,0.005047619342803955,0.002811342477798462,5.5730342864990234e-06,0.004932701587677002,1.3500452041625977e-05,1.8090009689331055e-05,1.6242265701293945e-05,0.002803504467010498
40,valid,2,valid,2,valid,2,degraded,2,valid,2,valid,2,5.543231964111328e-06,0.0045230090618133545,0.0052073001861572266,0.002604931592941284,6.705522537231445e-06,0.00452151894569397,8.195638656616211e-06,1.004338264465332e-05,9.626150131225586e-06,0.002600938081741333
41,valid,2,valid,2,valid,2,degraded,2,valid,2,valid,2,5.632638931274414e-06,0.002743452787399292,0.004395604133605957,0.003992289304733276,6.020069122314453e-06,0.002743750810623169,1.609325408935547e-05,2.0056962966918945e-05,1.3977289199829102e-05,0.0039871931076049805
42,valid,2,valid,2,valid,2,degraded,2,valid,2,valid,2,2.8312206268310547e-06,0.003403186798095703,0.00561833381652832,0.003789573907852173,6.16908073425293e-06,0.0034003853797912598,9.775161743164062e-06,1.385807991027832e-05,1.0907649993896484e-05,0.003794759511947632
43,valid,2,valid,2,degraded,2,degraded,2,valid,2,valid,2,4.708766937255859e-06,0.0032520294189453125,0.00538712739944458,0.0028619468212127686,5.781650543212891e-06,0.003252387046813965,1.2099742889404297e-05,1.043081283569336e-05,1.1980533599853516e-05,0.002872973680496216
44,valid,2,valid,2,degraded,2,degraded,2,valid,2,valid,2,3.0994415283203125e-06,0.003887474536895752,0.004903733730316162,0.0035805106163024902,4.5299530029296875e-06,0.0038889646530151367,1.1324882507324219e-05,9.357929229736328e-06,1.0818243026733398e-05,0.003581821918487549
45,valid,3,valid,3,degraded,3,degraded,3,valid,3,valid,3,8.52346420288086e-06,0.004045814275741577,0.0034089088439941406,0.002324134111404419,9.08970832824707e-06,0.004045367240905762,1.4692544937133789e-05,6.556510925292969e-06,9.685754776000977e-06,0.002318054437637329
46,valid,3,valid,3,valid,3,degraded,3,valid,3,valid,3,6.467103958129883e-06,0.005315989255905151,0.0044383704662323,0.0026159584522247314,4.887580871582031e-06,0.005312740802764893,9.775161743164062e-06,1.055002212524414e-05,1.138448715209961e-05,0.002623826265335083
47,valid,3,valid,3,valid,3,valid,3,valid,3,valid,3,4.410743713378906e-06,0.004221975803375244,0.0062541663646698,0.003848940134048462,3.993511199951172e-06,0.004222095012664795,8.970499038696289e-06,1.0371208190917969e-05,1.0520219802856445e-05,0.003848522901535034
48,valid,2,valid,2,valid,2,degraded,2,valid,2,valid,2,4.5299530029296875e-06,0.003366798162460327,0.005018830299377441,0.002611398696899414,4.023313522338867e-06,0.0033673644065856934,9.566545486450195e-06,9.655952453613281e-06,1.1146068572998047e-05,0.0026036500930786133
49,valid,3,valid,3,valid,3,degraded,3,valid,3,valid,3,7.539987564086914e-06,0.004878580570220947,0.006170213222503662,0.002421259880065918,6.0498714447021484e-06,0.004875123500823975,7.927417755126953e-06,6.496906280517578e-06,8.52346420288086e-06,0.002421081066131592
50,valid,2,valid,2,valid,2,degraded,2,valid,2,valid,2,3.337860107421875e-06,0.005926370620727539,0.007550299167633057,0.00354611873626709,5.9604644775390625e-06,0.005929768085479736,1.0699033737182617e-05,9.357929229736328e-06,1.1295080184936523e-05,0.0035485029220581055
51,degraded,1,degraded,1,degraded,1,valid,1,degraded,1,degraded,1,3.039836883544922e-06,0.005449086427688599,0.005067706108093262,0.0025925040245056152,4.202127456665039e-06,0.005450397729873657,1.2934207916259766e-05,1.33514404296875e-05,1.4275312423706055e-05,0.0025997161865234375
52,degraded,2,degraded,2,degraded,2,valid,2,degraded,2,degraded,2,3.874301910400391e-06,0.004167616367340088,0.004350751638412476,0.002667665481567383,4.082918167114258e-06,0.004164338111877441,6.765127182006836e-06,6.079673767089844e-06,7.450580596923828e-06,0.0026612281799316406
53,degraded,3,degraded,3,degraded,3,valid,3,degraded,3,degraded,3,3.248453140258789e-06,0.004269033670425415,0.003951311111450195,0.002673417329788208,6.884336471557617e-06,0.004275768995285034,9.357929229736328e-06,9.208917617797852e-06,1.0073184967041016e-05,0.0026782453060150146
54,degraded,2,degraded,2,degraded,2,valid,2,degraded,2,degraded,2,5.21540641784668e-06,0.0038256049156188965,0.003949970006942749,0.003123760223388672,5.930662155151367e-06,0.0038268864154815674,9.179115295410156e-06,9.5367431640625e-06,8.64267349243164e-06,0.0031167566776275635
55,degraded,4,degraded,4,degraded,4,valid,4,degraded,4,degraded,4,4.738569259643555e-06,0.0038586854934692383,0.005316793918609619,0.0037540793418884277,5.7220458984375e-06,0.0038552582263946533,1.4454126358032227e-05,1.6689300537109375e-05,1.5914440155029297e-05,0.003769993782043457
56,valid,3,valid,3,valid,3,valid,3,valid,3,valid,3,3.516674041748047e-06,0.003872007131576538,0.004685759544372559,0.0033587217330932617,3.337860107421875e-06,0.003872007131576538,1.0132789611816406e-05,9.387731552124023e-06,1.0013580322265625e-05,0.003352612257003784
57,valid,3,valid,3,valid,3,valid,3,valid,3,valid,3,3.904104232788086e-06,0.00555342435836792,0.00793766975402832,0.0031644105911254883,3.933906555175781e-06,0.005554676055908203,8.07642936706543e-06,9.417533874511719e-06,9.03010368347168e-06,0.0031579136848449707
58,valid,3,valid,3,valid,3,valid,3,valid,3,valid,3,5.602836608886719e-06,0.003789454698562622,0.003600180149078369,0.0027394890785217285,5.3942203521728516e-06,0.003788888454437256,7.569789886474609e-06,8.821487426757812e-06,7.3015689849853516e-06,0.002734065055847168
59,valid,2,valid,2,valid,2,valid,2,valid,2,valid,2,4.649162292480469e-06,0.003454864025115967,0.004120498895645142,0.002811431884765625,4.0531158447265625e-06,0.003453582525253296,1.138448715209961e-05,1.1205673217773438e-05,1.0192394256591797e-05,0.0028074979782104492
60,valid,3,valid,3,valid,3,valid,3,valid,3,valid,3,4.5299530029296875e-06,0.004133075475692749,0.0034936070442199707,0.003497987985610962,7.3909759521484375e-06,0.004134029150009155,9.5367431640625e-06,1.1146068572998047e-05,1.043081283569336e-05,0.003506392240524292
61,valid,3,valid,3,valid,3,valid,3,valid,3,valid,3,5.27501106262207e-06,0.0050016045570373535,0.004273951053619385,0.001750946044921875,6.198883056640625e-06,0.0049991607666015625,8.344650268554688e-06,7.092952728271484e-06,9.566545486450195e-06,0.0017533302307128906
62,valid,3,valid,3,valid,3,valid,3,valid,3,valid,3,5.692243576049805e-06,0.0030826926231384277,0.0044023096561431885,0.0031264424324035645,6.556510925292969e-06,0.003083169460296631,1.1265277862548828e-05,8.493661880493164e-06,8.434057235717773e-06,0.0031285881996154785
63,valid,2,valid,2,valid,2,valid,2,valid,2,valid,2,4.887580871582031e-06,0.003443300724029541,0.0035299360752105713,0.0023310184478759766,3.6954879760742188e-06,0.003441721200942993,1.2636184692382812e-05,1.049041748046875e-05,1.0728836059570312e-05,0.0023207366466522217
64,degraded,2,degraded,2,degraded,2,degraded,2,degraded,2,degraded,2,5.5730342864990234e-06,0.0035255849361419678,0.004012018442153931,0.0030587613582611084,5.8710575103759766e-06,0.003520071506500244,1.3470649719238281e-05,1.138448715209961e-05,1.0341405868530273e-05,0.003056824207305908
65,degraded,2,degraded,2,degraded,2,degraded,2,degraded,2,degraded,2,5.27501106262207e-06,0.0027601122856140137,0.004337519407272339,0.002084493637084961,4.678964614868164e-06,0.002758324146270752,1.3232231140136719e-05,1.239776611328125e-05,1.150369644165039e-05,0.002087533473968506
66,degraded,1,degraded,1,degraded,1,degraded,1,degraded,1,degraded,1,2.8312206268310547e-06,0.004389137029647827,0.004387587308883667,0.0024095475673675537,5.5730342864990234e-06,0.0043891966342926025,9.238719940185547e-06,8.58306884765625e-06,9.566545486450195e-06,0.0024132728576660156
67,degraded,2,degraded,2,degraded,2,degraded,2,degraded,2,degraded,2,4.410743713378906e-06,0.0034963488578796387,0.005354255437850952,0.002978116273880005,4.6193599700927734e-06,0.003497987985610962,8.821487426757812e-06,7.808208465576172e-06,1.1488795280456543e-05,0.002980470657348633
68,degraded,1,degraded,1,degraded,1,degraded,1,degraded,1,degraded,1,3.039836883544922e-06,0.0027163028717041016,0.0031062960624694824,0.002125352621078491,5.304813385009766e-06,0.00271528959274292,1.2814998626708984e-05,1.2814998626708984e-05,1.1146068572998047e-05,0.002126634120941162
69,degraded,2,degraded,2,degraded,2,degraded,2,degraded,2,degraded,2,4.827976226806641e-06,0.0024209916591644287,0.003436654806137085,0.0024368464946746826,7.539987564086914e-06,0.002416074275970459,1.2934207916259766e-05,1.1980533599853516e-05,1.2129545211791992e-05,0.0024314820766448975
70,degraded,2,degraded,2,degraded,2,degraded,2,degraded,2,degraded,2,2.2649765014648438e-06,0.0037669837474823,0.0032911300659179688,0.0032376348972320557,4.0531158447265625e-06,0.0037667155265808105,8.106231689453125e-06,8.463859558105469e-06,6.9141387939453125e-06,0.003233969211578369
71,degraded,3,degraded,3,degraded,3,degraded,3,degraded,3,degraded,3,2.384185791015625e-06,0.004477083683013916,0.006017714738845825,0.003298848867416382,3.6954879760742188e-06,0.004477441310882568,1.0013580322265625e-05,8.702278137207031e-06,1.1742115020751953e-05,0.003289550542831421
72,degraded,2,degraded,2,degraded,2,degraded,2,degraded,2,degraded,2,3.4570693969726562e-06,0.0028986334800720215,0.004321008920669556,0.003307253122329712,3.337860107421875e-06,0.002898693084716797,7.808208465576172e-06,8.016824722290039e-06,1.1026859283447266e-05,0.0033032894134521484
73,degraded,1,degraded,1,degraded,1,degraded,1,degraded,1,degraded,1,4.887580871582031e-06,0.003609955310821533,0.0032256245613098145,0.0022285282611846924,7.063150405883789e-06,0.0036108791828155518,1.0281801223754883e-05,7.659196853637695e-06,1.1146068572998047e-05,0.0022329390048980713
74,degraded,3,degraded,3,degraded,3,degraded,3,degraded,3,degraded,3,3.933906555175781e-06,0.00441017746925354,0.0037067532539367676,0.0025888681411743164,4.738569259643555e-06,0.004411041736602783,9.953975677490234e-06,7.957220077514648e-06,1.049041748046875e-05,0.002589970827102661
75,degraded,1,degraded,1,degraded,1,degraded,1,degraded,1,degraded,1,5.185604095458984e-06,0.0042078495025634766,0.005793273448944092,0.004027634859085083,4.0531158447265625e-06,0.004207640886306763,6.854534149169922e-06,7.271766662597656e-06,9.08970832824707e-06,0.004021048545837402
76,degraded,1,degraded,1,degraded,1,degraded,1,degraded,1,degraded,1,5.334615707397461e-06,0.006958484649658203,0.007456153631210327,0.0030656158924102783,4.887580871582031e-06,0.006954848766326904,1.1563301086425781e-05,9.47713851928711e-06,1.3560056686401367e-05,0.0030674636363983154
77,degraded,1,degraded,1,degraded,1,degraded,1,degraded,1,degraded,1,3.874301910400391e-06,0.002985656261444092,0.003685176372528076,0.002454102039337158,2.9802322387695312e-06,0.0029855966567993164,8.13603401184082e-06,8.016824722290039e-06,1.1265277862548828e-05,0.0024507641792297363
78,degraded,1,degraded,1,degraded,1,degraded,1,degraded,1,degraded,1,5.245208740234375e-06,0.006365597248077393,0.00551372766494751,0.0029378533363342285,6.109476089477539e-06,0.0063675642013549805,8.612871170043945e-06,8.016824722290039e-06,7.510185241699219e-06,0.0029367804527282715
79,degraded,3,degraded,3,degraded,3,degraded,3,degraded,3,degraded,3,6.377696990966797e-06,0.003631293773651123,0.004658043384552002,0.003469139337539673,5.334615707397461e-06,0.0036311745643615723,9.834766387939453e-06,7.18235969543457e-06,9.328126907348633e-06,0.0034773051738739014
80,degraded,2,degraded,2,degraded,2,degraded,2,degraded,2,degraded,2,5.453824996948242e-06,0.004686713218688965,0.004015862941741943,0.002144336700439453,5.245208740234375e-06,0.004684567451477051,7.212162017822266e-06,8.64267349243164e-06,8.52346420288086e-06,0.0021399855613708496
81,degraded,4,degraded,4,degraded,4,valid,4,degraded,4,degraded,4,3.4868717193603516e-06,0.0034272968769073486,0.005453437566757202,0.003061622381210327,4.887580871582031e-06,0.003428518772125244,7.092952728271484e-06,8.225440979003906e-06,6.556510925292969e-06,0.0030646026134490967
82,degraded,3,degraded,3,degraded,3,valid,3,degraded,3,degraded,3,3.6954879760742188e-06,0.0069169700145721436,0.004013478755950928,0.004376322031021118,5.751848220825195e-06,0.006911665201187134,1.4454126358032227e-05,9.745359420776367e-06,1.4901161193847656e-05,0.00437811017036438
83,degraded,4,degraded,4,degraded,4,valid,4,degraded,4,degraded,4,4.708766937255859e-06,0.0029964447021484375,0.003717482089996338,0.004040241241455078,6.735324859619141e-06,0.003000020980834961,9.775161743164062e-06,1.1563301086425781e-05,9.98377799987793e-06,0.004032552242279053
84,degraded,3,degraded,3,degraded,3,valid,3,degraded,3,degraded,3,4.470348358154297e-06,0.004227578639984131,0.005146235227584839,0.002786993980407715,4.798173904418945e-06,0.004223376512527466,1.0639429092407227e-05,8.64267349243164e-06,1.2159347534179688e-05,0.0027875304222106934
85,degraded,4,degraded,4,degraded,4,valid,4,degraded,4,degraded,4,3.844499588012695e-06,0.002631664276123047,0.0028989017009735107,0.0022806525230407715,3.844499588012695e-06,0.00263330340385437,9.328126907348633e-06,6.854534149169922e-06,8.672475814819336e-06,0.0022828280925750732
86,degraded,2,degraded,2,degraded,2,valid,2,degraded,2,degraded,2,3.4868717193603516e-06,0.007277756929397583,0.007429063320159912,0.003060668706893921,5.245208740234375e-06,0.007272839546203613,6.794929504394531e-06,7.778406143188477e-06,6.884336471557617e-06,0.003061950206756592
87,degraded,3,degraded,3,degraded,3,valid,3,degraded,3,degraded,3,3.6954879760742188e-06,0.00485992431640625,0.003932088613510132,0.0024531185626983643,3.933906555175781e-06,0.0048590004444122314,7.331371307373047e-06,7.271766662597656e-06,8.463859558105469e-06,0.0024498552083969116
88,degraded,3,degraded,3,degraded,3,degraded,3,degraded,3,degraded,3,5.9604644775390625e-06,0.0031422972679138184,0.005199402570724487,0.004132688045501709,7.897615432739258e-06,0.00314486026763916,9.268522262573242e-06,1.1980533599853516e-05,7.271766662597656e-06,0.0041348934173583984
